Permalink,Comment
1456237437890333,Thank you
1456237437890333,Shouldn't we have backup on MeWe in case Facebook does what Facebook likes to do?
1456237437890333,See this https://www.thegatewaypundit.com/.../confirmed-governor.../
1456237437890333,Re-Open AmericaMother Of All Bombs! (start watching at 4:54)â€¦See More
1456237437890333,Why did one person hit the laugh button on this?
1456237437890333,"Thank you , Craig  Derry !  So vital to know !"
1456237437890333,Why did Alegandro Roberto laugh at this?  Admin?
1456237437890333,Thank you for the invite.  Have a Great Memorial day weekend and enjoy your Blessings â¤
1456237437890333,"What this silly meme fails to mention is almost half the people infected are asymptomatic, half of the ones who display symptoms are barely sick. If you are under 65 you have a very insignificant chance of displaying anything more than mild flu symptomâ€¦See More"
1456237437890333,"Craig Dery I have legal, actionable information people need - it's being BLOCKED. Please DM ME."
1456237437890333,Craig Dery shorturl.at/qAO24
1456237437890333,Craig Dery shorturl.at/CGPT5
1456237437890333,"Trump is at war with Twitter, Trump mention, when the looting starts the shooting starts, and he is right.. meaning.. people that are looting are also robing people, and will shoot people if you are looting the TV they want. Looting is a very ugly thinâ€¦See More"
1456237437890333,"Hi,  I have 2 posts waiting to be okayed  -  one from earlier in the month.  thanks"
1456237437890333,And vote republican that's the only way we can get out of this mess the Democrats caused with china
1468846026629474,Liberal birth control! I like it
1468846026629474,I think I'll hold on to mine for a bit
1468846026629474,I think we passed that
1468846026629474,Shouldnâ€™t scientists have something better to study than this?
1468846026629474,"My thought is those that are wearing the masks (muzzles) are showing compliance to whatever the hell they are going to roll out next (ET Invasion, it's all propaganda theater) while everyone else is being facial recognized and put into a data base as potential non-conformist."
1468846026629474,OMG - GTFO of here so stupid!!
1468846026629474,Wear a mask while she gives me a blow job?
1468846026629474,Takes oral sex off the table
1468846026629474,Omg. This is stupid. They would be in your Covid circle already unless your a slut
1468846026629474,What the fuck this shit just gets dumber by the day. Let's just all wear giant bubbles.
1468846026629474,Obserd..!
1468846026629474,"This is about the stupidest shit i heard today, maybe several days"
1468846026629474, Especially if they are ugly!
1468846026629474,Iâ€™m already taking the mask off somebody doesnâ€™t like it there will have to deal with it I cannot breathe in the damn things.
1468846026629474,"No, just go in from under the mask(for the ladies). For the guys, just cut a tongue size slit). A slit for a slit !"
1468846026629474,Stupid
1468846026629474,Stupid stupid people
1468846026629474,"Just another ""EXPERT"" adding to the crap show. Even the so called real experts have come to the conclusion that the virus was no where near what they thought it would be and wearing mask does not one thing to prevent Covid19."
1468846026629474,"Are you sure the know how sex is done, aren't they covering the wrong end.. ."
1468846026629474,Sick of false information.
1468846026629474,Omg what the f&@* ever
1468846026629474,Optional? Of Course?!? ğŸ˜”ğŸ¤¬ğŸ˜‚
1468846026629474,Does a mask have a reservoir tip?
1468846026629474,well we all know scientists from harvard dont have even 1 chance in being sexually active so....
1468846026629474,"Its coming...just wait, entire body mask coverings."
1468846026629474,LOL
1468846026629474,"Well if thatâ€™s your thing I guess. I hesitate to condemn somebody elseâ€™s kink, so... yeah."
1468846026629474,But contraceptive birth control is not being pushed because abortions mean nothing to the people pushing this agenda.
1468846026629474,Disgusting.
1468846026629474,But if you want to riot thatâ€™s ok no Covid risk there
1468846026629474,"Well...This is the stupidest thing I""ve seen in a while"" Abstinence and masturbation were ranked as â€˜low riskâ€™ sexual activities"
1468846026629474,OOH!!!!  Kinky....
1468846026629474,They need drug tested.
1468846026629474,No to masks.
1468846026629474,Hahah stfu
1468846026629474,I don't f**king think so!
1468846026629474,Can't get people to wear condoms and they think people will wear masks?!? That's funny.
1468846026629474,Mutual auto erotic asphyxiation? No thank you
1468846026629474,Little late for thatğŸ˜³ğŸ˜³ğŸ¤£ğŸ¤£ğŸ¤£ğŸ¤£
1468846026629474,Idiocracy.
1468846026629474,Over the lense of the government cameras.
1468846026629474,Stupid terns need to use condoms so there kids not as stupid as them !
1468846026629474,Kate always has your back
1468846026629474,Oh nice. A new kink to try. ğŸ˜†
1468846026629474,Freaking rediculous!!!!!
1468985433282200,Really?????
1468985433282200,Good. Sick of the lies!
1468985433282200,Lies!!!! Lies!!!! Our media and government has lost all credibility.
1468985433282200,"Thank you ,funeral director ,Patriots"
1468985433282200,Finally
1468985433282200,"Tax, tax, tax, covid, covid, covid. I dont see a difference, anything to get more funding for their greedy asses"
1468985433282200,Padding the numbers to destroy Trump!
1468985433282200,Thank you Project Veritos also. It is not that we did not suspect this but it is good to have it verified.
1468985433282200,About time
1468985433282200,I just noticed the YouTube video from Project Veritas can not be viewed.  MORE CENSORSHIP!
1468985433282200,Falsely inflating the stats to justify it all.   BS!
1468985433282200,All to destroy our nation!Virus BS......that probably came from 2019 flu shots from Chinese pharmaceutical.My guess is as good as theirs that keeps changing!
1468985433282200,Too little too late. Because of these exaggerated numbers our country was kept shut down & now look at the mess we are in.  L
1468985433282200,"Don't get me wrong it's a nasty virus to get especially if you're old or have lung and heart problems... But the fact is that Bill Gates' w.h.o, CDC and others lied about number of infections, death rates and other important information. It's very much like the flu"
1468985433282200,Imagine that all lies!!
1468985433282200,This virus does exist but no where to extent report Fauci and Bill Gates just want to destroy President Trump and are willing to kill our economy to do it.  When virus didnt work it was killer bees but that didnt work so not we have paid rioters
1468985433282200,I did not know funeral directors were also coroners. Suprised they even have medical degrees. I am guessing by the time they get there they are past being saved.
1468985433282200,"Yeahhh , are this ppl family will have a funeral for them ??!!! And Joe B will attend ??!! Just asking ???!!"
1468985433282200,I thought that was going on  !!! Some Doctors said it was ! Fear is being Pushed !!!!!!
1468985433282200,Way to go funeral homes
1468985433282200,Good
1468985433282200,THIS CRAP has been going on from the beginning... all these covid deaths are BULLSHIT... I bet if there is 100 deaths 99 are from something else... the dumbass Democrats and left are trying to scare everyone... I  have worked in the hot spots with no mask... and have never got it or seen anyone who had it
1468985433282200,They know a hell of a lot! I lost my husband recently and the funeral director was aware of medical implications on my husbandâ€™s suspicious death.  Iâ€™m grateful for her knowledge
1468985433282200,"Dimiceli had other shocking tales to share. One nursing home assumed all its patients were positive without testing. ""The guy that I just buried a little while ago from Long Island National Cemetery, they called me from the nursing home. They said, â€˜Diâ€¦See More"
1468985433282200,Bettina Kruzel
1468985433282200,ALL TO HURT THE ECONOMY TO HURT TRUMP NO MATTER HOW MUCH THE AMERICAN PEOPLE HURT!! THAT IS SICK! SICK! SICK!
1468985433282200,"There are so many personal accounts of misdiagnosis and falsified reports. The more I hear the more I realize just how badly we are being lied to. I will admit that in the beginning I was all ""take all precautions"". But now... After seeing manequines iâ€¦See More"
1468985433282200,people with critical thinking skills knew this from day one... sooooooo.
1468985433282200,Amen!my question is why?
1468985433282200,ğŸ¤¨
1468985433282200,Money
1468985433282200,Money Money Money!!!!!
1468985433282200,"I heard that before when my Father in law passed. Heard every person who had covid??? The Dr. Would get $37,000 for each Covid"
1468985433282200,There you go
1468966036617473,Truth!
1468966036617473,Sickening
1468966036617473,Vote red in November.
1468966036617473,Vote Red or America is Dead..
1468966036617473,Disgusting.
1468966036617473,"Hold a ""protest"" daily in your church.  Not against the law.Heck, many of the churches are called Protestants right?â€¦See More"
1468966036617473,So Disgusting
1468966036617473,Truth
1468966036617473,"Exactly.  And, how can they reenact Covid restrictions without sounding completely hypocritical?  Who would listen to them?"
1468966036617473,Hypocrites
1468966036617473,Lol all I have to say
1468966036617473,"Yes, one must question why"
1468966036617473,Why! Because not enough of us died from coronahoax! Something bad will happen soon cause of these riots i dont think we have seen the worst yet. Population control is coming!
1468966036617473,No logic or common sense at all!
1468966036617473,"Thank you, took the words right out of my mouth.   They also hoped the peaceful protestors, who filled for permits that they denied, wished for their deaths, said they should be denied healthcare, said they were selfish, but didn't vandalize anything oâ€¦See More"
1468966036617473,What bullshit !
1468966036617473,Heartbreaking. Just heartbreaking.
1468966036617473,Itâ€™s maddening right ? But as long as the media pushes that narrative then itâ€™s all ok
1468966036617473,Itâ€™s the fucking truth!
1468966036617473,Just watched tucker how a black man demanded a white woman get down on her knees and apologize for being white. Fuck that!
1464372097076867,This needs to be done in every state
1464372097076867,It's going on every where yesterday across states. Just don't burn steal or loot. Take a stand for America ğŸ‡ºğŸ‡¸ Amen ğŸ™
1464372097076867,"Greetings from Texas. i want to give thanks to dr Azaka for bringing back my ex husband with his love spell, No one could have ever made me believe that the letter Iâ€™m about to write would actually one day be written. I was the worldâ€™s biggest skeptic.â€¦See More"
1464325527081524,Wish I was there
1468954873285256,Where's the Bible?
1468954873285256,If thatâ€™s a real bible I canâ€™t believe his hand isnâ€™t on fire.
1468954873285256,"Theyâ€™re all hypocrite, there time for redemption will come"
1468954873285256,"What a total total evil jack ass he is, heâ€™s the one that flew on Epsteinâ€™s plane all the time a disgusting person"
1468954873285256,Thank you. Now we need one with Obama.
1468954873285256,"Just because you attend church does not make you a good Christian, just as not attending church makes you a bad Christian."
1468954873285256,Yup!! Perfectly he can do it!! ğŸ‘ºğŸ‘ºğŸ‘º
1468954873285256,Dickhead
1468954873285256,He didn't have to shoot and gas people to take that photo.
1468954873285256,They didn't
1468954873285256,Waiting for the bolt of lightning to smite his happy a$$
1468954873285256,Do they give out cigars at his church?
1468954873285256,"Slick Willie with a book he's never read... maybe ""Playboy"" or ""Penthouse"" is more his style."
1468954873285256,Thatâ€™s what keeps all the phone numbers of all the young little girls
1468954873285256,That was a gift he gave Monica along with money to buy a new dress.
1468954873285256,He loved people...especially young women
1468954873285256,That ain't  a Bible ..thats his little black book with  all his hoes and bitches phone numbers and the hit lists of who to kill....I meant who's suicide to attend....
1468954873285256,ğŸ¤£ğŸ¤£ğŸ‘ğŸ‘
1468954873285256,Fucktard
1468954873285256,Trump 2020!
1468954873285256,Puke.
1468954873285256,OK OK....I JUST SHARED THIS PICTURE AND POST AND IT GOT CENSORED! ğŸ˜‚ NO JOKE!
1468954873285256,Trump 2020
1468954873285256,ğŸ¤¬
1468954873285256,I would be willing to bet he never cracked that open and read any of it !! RAPIST !!
1468954873285256,Of course the left is nothing but double standards.
1468954873285256,Trump 2020
1468954873285256,this will help us reopen the state! glad this group is on point and collectively working to get us back and running.
1468954873285256,The Book is not thick enouth to hold the old and new Testament! People really need to search the scriptures the predictions in the Old Testament and the prediction when it came to pass in the New Testament!
1468954873285256,"Is this the Bible, Bill found at Epstein's Island Compound?"
1468954873285256,Hypocrisy in action
1468954873285256,did clinton gas inocent people to get that photo op?
1468954873285256,I bet you he actually took time to pray in that church and didnâ€™t have to tear gas and shoot at American citizens to get in.
1468954873285256,Screwed them to the wall ğŸ˜‚ğŸ¤£ğŸ˜œ
1468954873285256,Whats this picture of Clinton?
1468954873285256,"What do you mean he usually attended, are you sure you didn't mean he rarely attended?"
1468954873285256,I did have have sex with that woman. She just blow me!!ğŸ˜ƒâ˜¹ï¸ğŸ¤£
1468954873285256,No one gassed anyone. Get the facts. No one was gassed and there were no rubber bullets. They were asked to move 3 times. They were too close. They started throwing frozen bottles of water and glass at the officers. Get the facts
1468954873285256,Iâ€™m just surprised he didnâ€™t catch on fire ğŸ”¥
1468954873285256,He looked better in his dress.
1468954873285256,Awesome ğŸ‘
1468954873285256,Get your story straight before posting on Facebook. Listening to the fake media?
1468954873285256,I did not have sexual relations with that woman.. Monica Lewinsky...ğŸ˜³ğŸ˜³ğŸ˜³... perjured himself in front of America on live television... and we all know how that went...
1468954873285256,The general that was there said no one was gassed because of Trump. Park Rangers gas protesters for trying to push the fence over on the Rangers and it happened several minutes before TRUMP was there. But I'm sure the liberals wont believe it because the ENQUIRER I mean CNN didn't run the story..They couldn't run the story or they would have been FIRED...ğŸ‡ºğŸ‡¸ğŸ‡ºğŸ‡¸ğŸ‡ºğŸ‡¸âœŒ
1468954873285256,Yep. And even the gasing was a lie.https://thefederalist.com/.../media-falsely-claimed.../
1468954873285256,Woops another president did that?my my my.
1468954873285256,The pages are all ripped out of it. He has child porn mags in there
1468954873285256,loser
1465672960280114,That is a bow to tyranny.
1465672960280114,ğŸ‘ğŸ‡ºğŸ‡¸ğŸ‘
1465672960280114,"Actually,  they kind of ARE bowing to tyranny."
1465672960280114,"Thatâ€™s not bowing to tyranny, thatâ€™s flat out prostration."
1465672960280114,Giving in to what they want is bowing to tyranny. There â€œcitationâ€ isnâ€™t legal.  They could write â€œyou owe the state 2 mil per dayâ€ doesnâ€™t make it legal or true.  Pay them in Monopoly money..closing is only hurting your business and the people In the community.  Governors office obviously doesnâ€™t care weather u open or close so...
1465672960280114,"Get used to it, it is only going to get worse, progressive globalist are bound an determined to tear this country apart..."
1465672960280114,I'm thinking they went from bowing straight to bending over.
1465672960280114,You are bowing down your closing that's what they want.  You want to stick it to them don't pay the fine and keep your doors open
1465672960280114,Just stay open and donâ€™t pay the fine
1465672960280114,"If this is real, it sucks. Eff the government. Sorry youâ€™re quitting, would love to give you my business."
1465672960280114,I refuse to live in fear Let Freedom RingğŸ‡ºğŸ‡¸ğŸ‡ºğŸ‡¸ğŸ‡ºğŸ‡¸ğŸ‡ºğŸ‡¸
1465672960280114,Looks to me like Ocean View bowed to tyranny. STAY OPEN and PROVE you're not bowing down.
1465672960280114,THIS IS THE COUNTRY YA'LL HAVE WANTED...
1465672960280114,"COME ON COWBOY UP,!!, it seems you have the people on your side that's all you need."
1465672960280114,Conservatives: Calling every rule they don`t like TYRANNY!
1465672960280114,It's our right if we want to wear a mask or not those with asthma can't wear a mask because it causes us to lose our breathe and gets us very sick and some has died due to this mask wearing. If no one likes it ooooh well. Them mask are not safe to wear at all because there's people dying everyday from wearing them........
1465672960280114,Spine ğŸ‘Œstraight. May the force be with you ğŸ™
1465672960280114,God Bless you! I will not shop where I have to wear a mask because of this plandemic!
1465672960280114,Closing the doors is also bowing to tyranny.
1465672960280114,Wonâ€™t bow down but you did when you closed your doors
1465672960280114,"Good for them. Wearing a mask should only be a personal choice,  not mandated by government."
1465672960280114,"Aside from the legality issues, they are really not necessary against a virus. Says so on the CDC website and included in every surgical masks shipment as a disclaimer."
1465672960280114,Thank you for your services and so very sorry you have to close. God bless you and yours
1465672960280114,"Very unfair ,"
1465672960280114,"Good for you guys, but I wouldnâ€™t pay the fine, F them"
1465672960280114,Donâ€™t close!
1463681577145919,Maybe made up numbers!!!!
1463681577145919,Must have counted their death toll correctlyğŸ˜‚ğŸ˜‚ğŸ˜‚ğŸ˜‚ğŸ˜‚
1463681577145919,Maybe differences in cultural hygiene and standard (before Covid-19) safety practices. Such as normalizing wearing a mask when you are sick to protect others from your sickness.
1463681577145919,Itâ€™s my understanding that a lockdown of Japan is illegal. The Prime Minister can suggest it and most people will comply. Japan is also a socially distant society. Very little touching to begin with
1463681577145919,Maybe they didn't send the infected to nursing homes to infect the elderly.
1463681577145919,"So...I alwAys wondered about all those foreign Chinese students with their masks on, on the tram? Now I get it! It was not about AIR pollution! It was about the viruses that run rampant in CHINA!ğŸ˜¡ğŸ˜¡ğŸ˜¡"
1463681577145919,"I lived there for 6 years, and that is saying something! Let's get to it!~"
1463681577145919,Because our hospitals get 30k per covid reported deaths and Japanese are honest people. And they dont have Democrats screwing them everyday.
1463681577145919,"The Japanese did not have the ""benefit"" of Cuomo, Murphy, Whitmer.....and so on."
1463681577145919,Because numbers were boosted to perpetrate an agenda
1463681577145919,True
1463681577145919,Probably because they don't cry about wearing a mask.
1463681577145919,"Or maybe more people fled to New York then flew to Tokyo, after XI realised there was a pandemic raging?ğŸ˜¡ğŸ˜¡ğŸ˜¡"
1463681577145919,Masks
1463681577145919,True cause of death reporting
1463681577145919,Cause maybe japan actually cares about its people?
1463681577145919,How do we really know if NYC was really hit hard???? to Many main stream medias that lie!
1463681577145919,japan has had masks for years
1463681577145919,Their mass transit  literally packs them in like sardines.
1463681577145919,"oddly, they all wear mask"
1463681577145919,This virus was never ever meant to go around the world it was meant to come here the Chinese meant for the virus to hit the United States and not go around the world they are embarrassed by the world infection they are trying to save face by lying abouâ€¦See More
1463681577145919,Umm  the totals in NY are all bullshitt read and follow some real news
1463681577145919,Let's be honest. We killed the vast majority of their population that would be in their late 80s and 90s 75 years ago.
1463681577145919,Letâ€™s face it any technological biological weapons originated in the USA and/or Israel.   Most people I find that blame a country doing better financially than Israel or the USA is suddenly the culprit.  The people shout out and pointing fingers are the biggest Zionists and just jealous hell raisers.
1463681577145919,Probably because even before COVID-19 the Japanese culture seems to have always been wearing medical masks for some germ or virus etc goin around
1463681577145919,Japanese tend to handle being sick different.
1463681577145919,Masks.
1463681577145919,"Orrrrrr, maybe New York was â€œseededâ€ with the virus to instill public fear. That would be murder, (eugenics) however deniable and plausible."
1463681577145919,"New Yorkers can't figure out by quarantine themselfs indoors, sharing the same dark moisture air is the breeding ground for Cordonvirse, while sunlight kills the Cordonvirse by New Yorkers not quarantine themselves indoors."
1463681577145919,"There you go,Japan prime minister ends lockdown,here we are waiting for POTUS, to end state of emergency"
1463681577145919,Most countries that have allowed their people to carry-on business as usual have developed heard immunity. This just proves that case yet again.
1463681577145919,"The Japanese are statistically healthier than Americans but yes, they probably counted deaths correctly"
1463681577145919,Good job
1463681577145919,NY ers too fat.  The thing the virus likes best.
1463681577145919,Maybe because New York is a democratic ran state and the numbers are inflated
1463681577145919,Overinflated
1463681577145919,That's due to their strict travel ban early on
1463681577145919,So....why such a difference?
1463681577145919,5 G pushing over 60 hertz microwaving the people look it up covid-19 has the same side effects as radiation poisoning drink wine don't wine
1463681577145919,Japan also wonâ€™t let socialism and globalism into their system.
1463681577145919,Probably because Tokyo didn't make their nursing homes take in COVID19 infected patients like NY did.
1463681577145919,Toyok reports the real numbers unlike USA... You could get shot and die but had tested positive for covid you died from covid19 not the bullet going through your heart
1463681577145919,Because the governor is a fraud. They get more money to kill people legally. Sickening actually
1463681577145919,Donneal BINGO! Making Co-vid patients go to nursing homes instead of the empty temporary hospitals.â€¦See More
1463681577145919,Yes.  Get smart. Itâ€™s politics
1463681577145919,It was all politics from the beginning.  But now we have identity politics returning.  Soros woke up the BLM and Antifa punks who were resting in their mommy's basements and told them it's time to work again.  F*cking slugs.
1463681577145919,"Padding numbers in us ,dont test they will have nothing"
1463681577145919,Japan ğŸ‡¯ğŸ‡µ thinks for themselves. The donâ€™t rely on The Fake News Media.
1463681577145919,Because NY sent sick individuals back into nursing homes. Same with CA and WA. It would be like putting a human bomb in those places ...smh. if you look at overall deaths in the us majority are elderly and with underlying conditions and in nursing home/retirement homes.
1463681577145919,"Should we start trolling people in states that aren't open yet and post pics of the things we've been doing the past two months? I know I've been floating on the river, gone to happy hour, dined in at restaurants, went antiquing, etc"
1465751750272235,This is old video
1465751750272235,Those are police... not military. Thats a humble. Not a military vehicle
1465751750272235,Also..... shoot them back. Woth real bullets. Fuck this
1465751750272235,Didnâ€™t this video circulate a couple months ago
1465751750272235,"Shaun King, huh?  The stupid mother fucker who thinks he's black."
1465751750272235,"Report this false video to admins, it don't belong here and is only done so to cause more drama"
1465751750272235,The comments alone made it worth it.ğŸ¤£ğŸ˜‚
1465751750272235,Thatâ€™s not a tank you dumbass
1465751750272235,Shaun king is a poser and wanna be
1465751750272235,Cowards hiding behind a mask! If you believe your cause is just them show your face. Rioters bought and paid for.
1465751750272235,"I don't agree that these people at home should not be allowed to sit on their porch, but however, if these guys shout ""go inside now!""  as an ex military, these people on the porch shouldn't have just sat there longer."
1465751750272235,Take this fake shit down.
1465751750272235,"So weâ€™re going to bitch about these â€œanimalsâ€ and the damage theyâ€™re causing, but then whine when someone comes to clean things up? Right ..."
1465751750272235,This is exactly what I was taking about in my post the other day and Itâ€™s happening not all over the place but I see it happening and itâ€™s very scary to watch and see our country the land of the free go down the road.
1465751750272235,Fake news
1465751750272235,Nice.
1465751750272235,Fake
1465751750272235,Shoot back
1465751750272235,EXCELLENT!
1465751750272235,lol antifa bitches donâ€™t like that huh? Lmmfao thatâ€™s what you clowns wanted thatâ€™s what you get donâ€™t cry now
1465751750272235,Bullshit!
1465751750272235,Right. Sounds like fake news
1465751750272235,Hey! Shaun! I havent seen any paint thrown at residents? Do you have another video that you are not showing us? FAKE NEWS!ğŸ˜¡ğŸ˜¡ğŸ˜¡ In other words: LIES!
1465751750272235,"If TNG tells you to go inside , I highly suggest to go inside ,this isn't normal"
1465751750272235,This is old video and nothing to do with the riots of today
1465751750272235,"Hey Shaun, ya, um, that wasn't a tank."
1465751750272235,ğŸ¤£
1465751750272235,"It's about time to get serious. If you are getting orders from anyone in a uniform, you best do what he says!"
1465751750272235,And that may teach some people to do what they are told after being told numerous times!
1465751750272235,This group and Facebook allows this fraudulent post to stay up - too funny Or not funny... dangerous
1465751750272235,"That's a Humvee , not quite a tank"
1465751750272235,Where and when??????? conveniently left out of the post. I call bullshit.
1465751750272235,Libtard-Nation Governors are getting what they want either way.
1465751750272235,Well they didnâ€™t go inside. And those were cops
1465751750272235,They are using the black card for everything now pathetic
1465751750272235,"I heard ""get inside now"" not ""Light them up""  He's a damned liar"
1465751750272235,They did not listen to direction from them. They were told 8 times to get inside the house.. They did not listen.. they got what was commin to them.
1465751750272235,where is the tank?
1465751750272235,"Dan Russo they can tell me 20 time, who the fuck are they? Fuck them those are enemy combatants"
1465751750272235,Please explain to me how they are enemy combatants when they are clearly in my opinion on the way to stop riots. Tensions are high.. people are loosing there livelihoods and property is being destroyed by antifa and BLM. Not to mention beatings and kilâ€¦See More
1465751750272235,Awesome!! ğŸ‘ğŸ». LAW AND ORDER has arrived! Thank you President Trump!ğŸ‡ºğŸ‡¸
1465751750272235,"Shooting rubber bullets and pepper rounds at people standing on tneir porches isn't law and order,  its enemy combatants challenging the weak to be live free so they can slaughter them,  Nothing More, if any officer in that video was worth being alloweâ€¦See More"
1465751750272235,They were told to get inside and they chose not to take heed....
1465751750272235,"When did America become a house arrest country? As long as your not part of the problem you shouldn't have to leave your porch "" when ordered""!!"
1465751750272235,Where did this happen?
1465751750272235,Terrible
1465751750272235,"Oh good Lord stop it now. The dayum post is days old.... We have had bigger ğŸ’©go down since this... It's very simple: if bad is approaching your neighborhood,get your selves in your domain and remain safe. Don't try and buck the system."
1465751750272235,"No you dumb ass, thats what peasants do you wanna be a fucking peasants fine but don't expect the rest of us to put up with it"
1465751750272235,Nobody wanted this.  The thugs that wouldnâ€™t listen to reason is causing it.  There is a curfew.  That means you MUST be in your house.  The soldiers or police are just doing their job.  Get made at the thugs.  They brought this down on our heads.
1463569313823812,If they edit they need to be classified as a publisher   Very simple
1463569313823812,If you think prez is going to save you hahahaha funny look up the richest people in the world tend a meeting about what to do with you people me you peasants slaves common folk if you think I'm joking or  making it up just wait it's coming real soon yoâ€¦See More
1463569313823812,Well it's about damn time.
1463569313823812,Hey brat its about time someone fought back on FB and Twitter! They are BOTH BIASED AS YOU SOUND RIGHT NOW! HE is standing up for us numbnuts!
1463569313823812,Censorship is censorship....no matter which side you're on....
1463569313823812,The funny thing is Iâ€™ve never seen a liberal being fact checked EVER! That speaks volumes!
1463569313823812,So social media won't be able to sensor us any longer.
1463569313823812,"Justin is a troll or bot, donâ€™t take the bait"
1463569313823812,"I WILL FORFEIT ALL MY BELONGINGS... To know my fellow man...sleeps free. To allow my grandbabies a wholesome future. An opportunity to know unconditional love and a freedom TO JUST BE!Take my home, my job, my Money. â€¦See More"
1463569313823812,A bought fucking time
1463569313823812,Yep
1463569313823812,thank you Mr President :-)!!!!
1463569313823812,What a president. Haha they deserve it as this is not China. God bless him
1463569313823812,Finally!!!
1463569313823812,This seriously just made my entire year!
1463569313823812,I wish the president could be more gangster and get the strong arms out there to quiet the lies and shake down the media that lies ! Some of these reports we see are so one sided and yet nobody stands up for our president. Republicans have been to nice to democrats that lie.
1463569313823812,Facebook CEO back tracked on statements that would expose facebook for liability on users facebook post that is found to be .. an attack on someone like liable or slander meant to harm ones reputation or an OP-ed editorial that is posted with false info that would harm reputation of another as well be liable for herassing post aimed at another user
1463569313823812,Yes!! Absolutely!! Thank you Mr. President !!
1463569313823812,TRUE!!!
1463569313823812,Good
1463569313823812,Good on ya Mr President!
1463569313823812,"Way to go, Thank You Mr. President!"
1463569313823812,Bout time
1463569313823812,"Good for him!  It is time to stop the manipulating of Information!  He's doing the right thing.  If you don't think so, you don't get it!"
1463569313823812,Bout time
1463569313823812,Way to go Sir ! Love it
1463569313823812,Who's better than him!
1463569313823812,"WE FINALLY HAVE A PRESIDENT WITH BALLS, WHO FIGHTS TO THE VERY END, AND WINS EVERYTIME. GO TRUMP!â™¥ï¸"
1463569313823812,Take down the corrupt circus.. I'm good with it.
1463569313823812,Your president
1463569313823812,"So?  He was asked to wear a mask when entering an area where medical equipment is being made  Yeah, masks are BS, but he was respectful to what they asked.  Good for him!"
1463569313823812,"""In those moments, Twitter ceases to be a neutral public platform and they become an editor with a viewpoint, and I think we can say that about others also,"" Trump said, referring to fact-check labels added to two of Trump's tweets on mail-in ballots, as some states make measures for voting amid the pandemic. ""And it's inappropriate."""
1463569313823812,It is fun to see all these left wings flushed out.
1463569313823812,Twitter stepped on POTUS communications.With Trump in the White House.â€¦See More
1463569313823812,ğŸ‘
1463569313823812,So happy this is finally happening!
1463569313823812,"And the Fascist Book police goons will get real jobs. Oh wait, they're just FN lazy worthless retards, almost forgot what pathetic loser sad sacks the Zark Fuckerberg employees are."
1463569313823812,"FN DEEP STATE LIBERALS NEED TO UNDERSTAND..YOU CAN'T BHAVE IT BOTH WAYS. EITHER YOUR AN ""EDITING"" PUBLISHER..or too much of cowards to ADMIT it..to circumvent decades of LAW."
1463569313823812,It needs to be applied to FACEFUCK as well. Enough of this nonsense of a Social Media Monopoly on free speech.
1463569313823812,Democracy dies in the DARK.
1463569313823812,Social media needs to go!!!
1463569313823812,AWESOME!! THANK YOU PRESIDENT TRUMP!!! ğŸ‡ºğŸ‡¸ğŸ‡ºğŸ‡¸ğŸ‡ºğŸ‡¸. LOCK THEM UP!
1463569313823812,"The right thing to do,Thank You"
1468543476659729,Are these more attacks from white nationalist? Is there a lot of white nationalist in Chicago?
1468543476659729,Let em burn there shit down then they wonâ€™t have anything and then build wall around all of Chicago
1468543476659729,Dollar tree . They rebuild that in a week
1468543476659729,Guess everything will be $2.00 now
1468543476659729,Thats got to be hundreds of dollars in merchandise!!!
1468543476659729,That's all of that awful smelling perfume going up in flames
1468543476659729,How about thousands of dollars if anything was left after the looting
1468543476659729,Thatâ€™s what they do!
1468543476659729,insurrection - shoot them
1468543476659729,They don't care about all the people who have lost their jobs because of their violence.
1468543476659729,I can barely build a campfire. How are all these buildings burning? Seems like there's a high percentage of professional arsonists at these 'protests.' Interesting...
1468543476659729,"looks like these people aren't going to have anything to eat for a while, this needs to stop"
1468543476659729,No more protesting it's finished
1468543476659729,Yup another democrap shithole city. Why no riots in Helena or Boise for example? ğŸ˜‚
1468543476659729,I highly doubt that the people who live in this community are the ones burning it down.
1468543476659729,Democratic city burn
1468543476659729,Go ahead and ruin your home.....Idiots
1468543476659729,Good! Let's let karma weed these punks out. The South side is a shit hole
1468543476659729,Goodness gracious
1468543476659729,"Probably frequented by low income families, this is just sickening these thugs used to do this crap at night now theyâ€™re brazenly doing this in broad daylight, where is justice/law and order/national guard/military ??Do these criminals now have the run of our country ?? It sure seems so ğŸ˜¡ğŸ˜¡ğŸ˜¡"
1468543476659729,You know I have been to Chicago it is a beautiful place but the people there mostly foreign tourist are some of the rudest disrespectful people I have ever encountered
1468543476659729,Why would you burn down the store that people need in there neighborhood? This is cruel.
1468543476659729,Imagine all the plastic fumes in that fire!!!
1468543476659729,I dont know when it will be enough before obama and hollywood tells enough is enough
1468543476659729,If a foreign country came here and did this would we just sit back and do nothing ğŸ˜¡ğŸ‡ºğŸ‡¸
1468543476659729,They took a break of killing each other so they could burn and loot.They are all stupid
1468543476659729,Heinous
1468543476659729,Well that will help poor people...:P
1468543476659729,I canâ€™t help but think that someone non black burnt down the Dollar Tree out of retaliation unless someone is just that stupid.
1468543476659729,Idiots
1468543476659729,You dumd fuck
1468543476659729,THUGS!!
1468543476659729,O feel sorry for all of these blind dumb fucks
1468543476659729,The corrupt Deep$tate areas will reveal themselves... like Chicago for example.
1468543476659729,Aren't buildings like that supposed to have sprinkler systems?
1468543476659729,So sad and unnecessary
1468543476659729,Next week they will bitch about how they can't go to the store
1468543476659729,Where were the National Guard.  Itâ€™s time to take America back yâ€™all!!!!
